,hh_income,hh_lifeCycle,occupation_type,age,motif_RAAR,motif_RAOAR,motif_RAOR,motif_RAR,motif_ROAOR,motif_ROAR,motif_ROOR,motif_ROR,office_block,residential_block,amenity_block
0,2,1,1,60,0,0,0,0,0,1,0,0,2,1,19.0
1,6,1,2,64,0,0,0,0,0,1,0,0,2,5,11.0
2,10,2,3,54,0,0,1,0,0,0,0,0,2,15,13.0
3,6,1,4,40,0,0,0,0,1,0,0,0,2,1,21.0
4,6,8,5,16,0,0,0,0,0,0,0,1,2,1,
5,6,2,1,26,0,0,1,0,0,0,0,0,3,19,11.0
6,9,4,1,32,0,0,0,0,0,1,0,0,3,1,9.0
7,5,2,1,29,0,1,0,0,0,0,0,0,3,1,11.0
8,7,2,1,66,0,0,0,0,1,0,0,0,3,5,22.0
9,5,2,1,29,0,1,0,0,0,0,0,0,3,15,11.0
10,7,2,1,66,0,0,0,0,1,0,0,0,3,1,7.0
11,9,4,1,32,0,0,0,0,0,1,0,0,3,19,13.0
12,7,2,1,66,0,0,0,0,1,0,0,0,3,15,11.0
13,5,2,1,29,0,1,0,0,0,0,0,0,3,12,7.0
14,6,2,1,26,0,0,1,0,0,0,0,0,3,5,3.0
15,2,10,1,66,0,0,0,1,0,0,0,0,3,1,7.0
16,7,2,1,66,0,0,0,0,1,0,0,0,3,15,21.0
17,6,2,1,26,0,0,1,0,0,0,0,0,3,15,9.0
18,2,1,1,60,0,0,0,0,0,1,0,0,3,1,7.0
19,2,1,1,60,0,0,0,0,0,1,0,0,3,15,3.0
20,2,10,1,66,0,0,0,1,0,0,0,0,3,5,21.0
21,2,10,1,66,0,0,0,1,0,0,0,0,3,15,11.0
22,2,10,1,66,0,0,0,1,0,0,0,0,3,19,11.0
23,6,2,1,26,0,0,1,0,0,0,0,0,3,1,11.0
24,7,2,1,66,0,0,0,0,1,0,0,0,3,15,21.0
25,9,4,1,32,0,0,0,0,0,1,0,0,3,5,9.0
26,6,2,1,26,0,0,1,0,0,0,0,0,3,5,3.0
27,7,2,1,66,0,0,0,0,1,0,0,0,3,1,9.0
28,2,1,1,60,0,0,0,0,0,1,0,0,3,1,7.0
29,7,2,1,66,0,0,0,0,1,0,0,0,3,15,13.0
30,6,2,1,26,0,0,1,0,0,0,0,0,3,1,11.0
31,2,10,1,66,0,0,0,1,0,0,0,0,3,1,21.0
32,7,2,1,66,0,0,0,0,1,0,0,0,3,15,13.0
33,6,2,1,26,0,0,1,0,0,0,0,0,3,19,19.0
34,9,4,1,32,0,0,0,0,0,1,0,0,3,1,11.0
35,5,7,2,42,0,0,0,0,0,0,0,1,3,15,
36,10,2,2,54,0,0,1,0,0,0,0,0,3,5,13.0
37,6,1,2,64,0,0,0,0,0,1,0,0,3,1,10.0
38,5,7,2,42,0,0,0,0,0,0,0,1,3,1,
39,5,7,2,42,0,0,0,0,0,0,0,1,3,1,
40,6,1,2,64,0,0,0,0,0,1,0,0,3,5,21.0
41,6,1,2,64,0,0,0,0,0,1,0,0,3,5,7.0
42,6,1,2,64,0,0,0,0,0,1,0,0,3,1,21.0
43,5,7,2,42,0,0,0,0,0,0,0,1,3,1,
44,10,2,2,54,0,0,1,0,0,0,0,0,3,15,11.0
45,10,2,2,54,0,0,1,0,0,0,0,0,3,13,13.0
46,6,1,2,64,0,0,0,0,0,1,0,0,3,15,13.0
47,6,1,2,64,0,0,0,0,0,1,0,0,3,19,7.0
48,10,2,2,54,0,0,1,0,0,0,0,0,3,0,13.0
49,5,7,2,42,0,0,0,0,0,0,0,1,3,13,
50,10,2,2,54,0,0,1,0,0,0,0,0,3,13,11.0
51,6,1,2,64,0,0,0,0,0,1,0,0,3,19,11.0
52,6,1,2,64,0,0,0,0,0,1,0,0,3,15,21.0
53,6,1,2,64,0,0,0,0,0,1,0,0,3,15,21.0
54,6,1,2,64,0,0,0,0,0,1,0,0,3,1,21.0
55,5,7,2,42,0,0,0,0,0,0,0,1,3,14,
56,6,1,2,64,0,0,0,0,0,1,0,0,3,5,11.0
57,6,1,2,64,0,0,0,0,0,1,0,0,3,19,21.0
58,10,2,2,54,0,0,1,0,0,0,0,0,3,15,8.0
59,10,2,2,54,0,0,1,0,0,0,0,0,3,1,9.0
60,10,2,2,54,0,0,1,0,0,0,0,0,3,1,3.0
61,10,2,2,54,0,0,1,0,0,0,0,0,3,1,21.0
62,10,2,2,54,0,0,1,0,0,0,0,0,3,1,9.0
63,6,1,2,64,0,0,0,0,0,1,0,0,3,1,21.0
64,6,1,2,64,0,0,0,0,0,1,0,0,3,13,9.0
65,10,2,3,54,0,0,1,0,0,0,0,0,3,1,13.0
66,10,2,3,54,0,0,1,0,0,0,0,0,3,19,9.0
67,10,2,3,54,0,0,1,0,0,0,0,0,3,19,9.0
68,10,2,3,54,0,0,1,0,0,0,0,0,3,13,21.0
69,10,2,3,54,0,0,1,0,0,0,0,0,3,15,9.0
70,10,2,3,54,0,0,1,0,0,0,0,0,3,19,11.0
71,10,2,3,54,0,0,1,0,0,0,0,0,3,13,3.0
72,10,2,3,54,0,0,1,0,0,0,0,0,3,19,3.0
73,10,2,3,54,0,0,1,0,0,0,0,0,3,5,11.0
74,10,2,3,54,0,0,1,0,0,0,0,0,3,1,11.0
75,10,2,3,54,0,0,1,0,0,0,0,0,3,15,21.0
76,10,2,3,54,0,0,1,0,0,0,0,0,3,4,9.0
77,10,2,3,54,0,0,1,0,0,0,0,0,3,15,9.0
78,10,2,3,54,0,0,1,0,0,0,0,0,3,15,21.0
79,10,2,3,54,0,0,1,0,0,0,0,0,3,4,21.0
80,10,2,3,54,0,0,1,0,0,0,0,0,3,15,21.0
81,10,2,3,54,0,0,1,0,0,0,0,0,3,15,13.0
82,10,2,3,54,0,0,1,0,0,0,0,0,3,13,13.0
83,10,2,3,54,0,0,1,0,0,0,0,0,3,13,9.0
84,10,2,3,54,0,0,1,0,0,0,0,0,3,15,21.0
85,10,2,3,54,0,0,1,0,0,0,0,0,3,5,11.0
86,10,2,3,54,0,0,1,0,0,0,0,0,3,15,7.0
87,10,2,3,54,0,0,1,0,0,0,0,0,3,13,9.0
88,10,2,3,54,0,0,1,0,0,0,0,0,3,15,21.0
89,10,2,3,54,0,0,1,0,0,0,0,0,3,1,21.0
90,10,2,3,54,0,0,1,0,0,0,0,0,3,19,13.0
91,10,2,3,54,0,0,1,0,0,0,0,0,3,13,7.0
92,10,2,3,54,0,0,1,0,0,0,0,0,3,1,21.0
93,10,2,3,54,0,0,1,0,0,0,0,0,3,13,11.0
94,10,2,3,54,0,0,1,0,0,0,0,0,3,15,9.0
95,7,1,4,40,0,1,0,0,0,0,0,0,3,15,12.0
96,11,2,4,25,0,0,0,0,0,0,0,1,3,5,
97,11,4,4,43,0,0,0,0,0,0,1,0,3,1,
98,10,8,4,59,0,0,0,0,0,0,0,1,3,1,
99,10,2,4,32,0,0,0,0,0,1,0,0,3,15,7.0
100,11,2,4,60,0,0,0,0,0,0,0,1,3,5,
101,11,2,4,43,0,0,0,0,1,0,0,0,3,5,7.0
102,9,1,4,28,0,0,0,0,0,0,0,1,3,5,
103,10,2,4,30,0,0,0,0,0,0,0,1,3,1,
104,8,2,4,23,0,0,0,0,0,0,0,1,3,19,
105,6,8,4,49,0,0,0,0,0,0,0,1,3,5,
106,5,2,4,24,0,0,0,0,0,1,0,0,3,13,21.0
107,5,1,4,58,0,0,0,0,0,0,1,0,3,1,
108,7,1,4,40,0,1,0,0,0,0,0,0,3,5,21.0
109,10,2,4,32,0,0,0,0,0,1,0,0,3,5,7.0
110,11,10,4,68,0,0,0,0,1,0,0,0,3,1,21.0
111,11,4,4,43,0,0,0,0,0,0,1,0,3,15,
112,6,2,4,28,0,0,0,0,0,0,0,1,3,15,
113,11,2,4,43,0,0,0,0,1,0,0,0,3,19,3.0
114,11,10,4,73,0,0,0,0,0,1,0,0,3,15,13.0
115,11,10,4,68,0,0,0,0,1,0,0,0,3,1,20.0
116,11,2,4,24,0,0,0,0,0,1,0,0,3,15,11.0
117,11,2,4,63,0,0,0,0,0,0,0,1,3,15,
118,8,1,4,36,0,1,0,0,0,0,0,0,3,13,9.0
119,4,1,4,42,0,0,1,0,0,0,0,0,3,1,21.0
120,11,2,4,58,0,0,1,0,0,0,0,0,3,1,20.0
121,8,2,4,44,0,0,0,0,0,0,0,1,3,19,
122,8,1,4,29,0,0,0,0,1,0,0,0,3,5,23.0
123,6,8,4,49,0,0,0,1,0,0,0,0,3,5,8.0
124,5,2,4,24,0,0,0,0,0,1,0,0,3,15,23.0
125,10,8,5,16,0,0,0,1,0,0,0,0,3,15,9.0
126,6,8,5,16,0,0,0,0,0,0,0,1,3,19,
127,6,8,5,16,0,0,0,0,0,0,0,1,3,15,
128,10,8,5,16,0,0,0,1,0,0,0,0,3,5,11.0
129,6,8,5,16,0,0,0,0,0,0,0,1,3,12,
130,6,8,5,16,0,0,0,0,0,0,0,1,3,5,
131,6,8,5,16,0,0,0,0,0,0,0,1,3,1,
132,10,8,5,16,0,0,0,1,0,0,0,0,3,19,11.0
133,6,8,5,16,0,0,0,0,0,0,0,1,3,1,
134,10,8,5,16,0,0,0,1,0,0,0,0,3,15,21.0
135,10,8,5,16,0,0,0,1,0,0,0,0,3,1,10.0
136,10,8,5,16,0,0,0,1,0,0,0,0,3,4,11.0
137,6,8,5,16,0,0,0,0,0,0,0,1,3,15,
138,10,8,5,16,0,0,0,1,0,0,0,0,3,14,11.0
139,10,8,5,16,0,0,0,1,0,0,0,0,3,5,21.0
140,10,8,5,16,0,0,0,1,0,0,0,0,3,1,21.0
141,10,8,5,16,0,0,0,1,0,0,0,0,3,15,7.0
142,6,8,5,16,0,0,0,0,0,0,0,1,3,15,
143,6,8,5,16,0,0,0,0,0,0,0,1,3,15,
144,10,8,5,16,0,0,0,1,0,0,0,0,3,5,21.0
145,10,8,5,16,0,0,0,1,0,0,0,0,3,5,7.0
146,10,8,5,16,0,0,0,1,0,0,0,0,3,1,6.0
147,6,8,5,16,0,0,0,0,0,0,0,1,3,15,
148,10,8,5,16,0,0,0,1,0,0,0,0,3,5,13.0
149,10,8,5,16,0,0,0,1,0,0,0,0,3,13,7.0
150,6,8,5,16,0,0,0,0,0,0,0,1,3,13,
151,10,8,5,16,0,0,0,1,0,0,0,0,3,15,11.0
152,6,8,5,16,0,0,0,0,0,0,0,1,3,1,
153,10,8,5,16,0,0,0,1,0,0,0,0,3,1,19.0
154,10,8,5,16,0,0,0,1,0,0,0,0,3,1,7.0
155,9,4,1,32,0,0,0,0,0,1,0,0,4,1,19.0
156,5,7,2,42,0,0,0,0,0,0,0,1,4,1,
157,10,2,3,54,0,0,1,0,0,0,0,0,4,1,7.0
158,8,1,4,29,0,0,0,0,1,0,0,0,4,15,19.0
159,6,8,5,16,0,0,0,0,0,0,0,1,4,19,
160,7,2,1,66,0,0,0,0,1,0,0,0,5,15,11.0
161,2,1,1,60,0,0,0,0,0,1,0,0,5,15,11.0
162,6,2,1,26,0,0,1,0,0,0,0,0,5,13,21.0
163,6,2,1,26,0,0,1,0,0,0,0,0,5,15,21.0
164,5,2,1,29,0,1,0,0,0,0,0,0,5,5,21.0
165,2,10,1,66,0,0,0,1,0,0,0,0,5,1,11.0
166,2,1,1,60,0,0,0,0,0,1,0,0,5,15,3.0
167,2,10,1,66,0,0,0,1,0,0,0,0,5,5,11.0
168,2,1,1,60,0,0,0,0,0,1,0,0,5,5,21.0
169,7,2,1,66,0,0,0,0,1,0,0,0,5,12,9.0
170,2,10,1,66,0,0,0,1,0,0,0,0,5,1,19.0
171,7,2,1,66,0,0,0,0,1,0,0,0,5,0,13.0
172,2,10,1,66,0,0,0,1,0,0,0,0,5,13,21.0
173,9,4,1,32,0,0,0,0,0,1,0,0,5,1,21.0
174,9,4,1,32,0,0,0,0,0,1,0,0,5,1,11.0
175,2,10,1,66,0,0,0,1,0,0,0,0,5,0,9.0
176,2,10,1,66,0,0,0,1,0,0,0,0,5,15,21.0
177,6,2,1,26,0,0,1,0,0,0,0,0,5,15,11.0
178,6,2,1,26,0,0,1,0,0,0,0,0,5,1,11.0
179,5,2,1,29,0,1,0,0,0,0,0,0,5,1,9.0
180,5,7,2,42,0,0,0,0,0,0,0,1,5,1,
181,6,1,2,64,0,0,0,0,0,1,0,0,5,1,21.0
182,5,7,2,42,0,0,0,0,0,0,0,1,5,1,
183,6,1,2,64,0,0,0,0,0,1,0,0,5,1,7.0
184,5,7,2,42,0,0,0,0,0,0,0,1,5,15,
185,10,2,2,54,0,0,1,0,0,0,0,0,5,5,11.0
186,10,2,2,54,0,0,1,0,0,0,0,0,5,5,11.0
187,5,7,2,42,0,0,0,0,0,0,0,1,5,15,
188,5,7,2,42,0,0,0,0,0,0,0,1,5,13,
189,5,7,2,42,0,0,0,0,0,0,0,1,5,1,
190,6,1,2,64,0,0,0,0,0,1,0,0,5,1,21.0
191,5,7,2,42,0,0,0,0,0,0,0,1,5,19,
192,6,1,2,64,0,0,0,0,0,1,0,0,5,0,21.0
193,6,1,2,64,0,0,0,0,0,1,0,0,5,1,9.0
194,10,2,2,54,0,0,1,0,0,0,0,0,5,1,9.0
195,5,7,2,42,0,0,0,0,0,0,0,1,5,1,
196,5,7,2,42,0,0,0,0,0,0,0,1,5,15,
197,6,1,2,64,0,0,0,0,0,1,0,0,5,1,21.0
198,10,2,2,54,0,0,1,0,0,0,0,0,5,19,11.0
199,10,2,2,54,0,0,1,0,0,0,0,0,5,1,21.0
200,10,2,3,54,0,0,1,0,0,0,0,0,5,18,6.0
201,10,2,3,54,0,0,1,0,0,0,0,0,5,1,9.0
202,10,2,3,54,0,0,1,0,0,0,0,0,5,4,11.0
203,10,2,3,54,0,0,1,0,0,0,0,0,5,5,21.0
204,10,2,3,54,0,0,1,0,0,0,0,0,5,5,9.0
205,10,2,3,54,0,0,1,0,0,0,0,0,5,15,9.0
206,10,2,3,54,0,0,1,0,0,0,0,0,5,1,3.0
207,10,2,3,54,0,0,1,0,0,0,0,0,5,5,9.0
208,10,2,3,54,0,0,1,0,0,0,0,0,5,13,11.0
209,10,2,3,54,0,0,1,0,0,0,0,0,5,1,7.0
210,10,2,3,54,0,0,1,0,0,0,0,0,5,15,7.0
211,10,2,3,54,0,0,1,0,0,0,0,0,5,5,9.0
212,10,2,3,54,0,0,1,0,0,0,0,0,5,5,11.0
213,10,2,3,54,0,0,1,0,0,0,0,0,5,15,11.0
214,10,2,3,54,0,0,1,0,0,0,0,0,5,1,12.0
215,10,2,3,54,0,0,1,0,0,0,0,0,5,1,8.0
216,10,2,3,54,0,0,1,0,0,0,0,0,5,1,19.0
217,10,2,3,54,0,0,1,0,0,0,0,0,5,13,9.0
218,10,2,3,54,0,0,1,0,0,0,0,0,5,19,11.0
219,10,2,3,54,0,0,1,0,0,0,0,0,5,4,7.0
220,8,6,4,18,0,0,0,1,0,0,0,0,5,5,11.0
221,6,2,4,30,0,0,1,0,0,0,0,0,5,15,7.0
222,5,2,4,43,0,0,0,0,0,0,0,1,5,15,
223,11,2,4,43,0,0,0,0,1,0,0,0,5,5,9.0
224,10,8,4,59,0,0,0,0,0,0,0,1,5,19,
225,9,1,4,28,0,0,0,0,0,0,0,1,5,1,
226,3,1,4,29,0,0,0,1,0,0,0,0,5,1,21.0
227,8,1,4,29,0,0,0,0,1,0,0,0,5,5,7.0
228,9,2,4,34,0,0,0,0,0,1,0,0,5,15,13.0
229,9,1,4,28,0,0,0,0,0,0,0,1,5,15,
230,7,1,4,40,0,1,0,0,0,0,0,0,5,19,13.0
231,8,1,4,48,0,0,0,1,0,0,0,0,5,15,18.0
232,6,1,4,29,0,0,0,0,0,0,0,1,5,15,
233,11,2,4,32,0,0,0,0,0,0,0,1,5,1,
234,9,4,4,33,0,0,0,1,0,0,0,0,5,1,3.0
235,8,4,4,36,0,1,0,0,0,0,0,0,5,15,9.0
236,6,2,4,30,0,0,1,0,0,0,0,0,5,13,7.0
237,4,1,4,42,0,0,1,0,0,0,0,0,5,19,3.0
238,8,6,4,18,0,0,0,1,0,0,0,0,5,15,19.0
239,9,1,4,28,0,0,0,0,0,0,0,1,5,1,
240,10,8,5,16,0,0,0,1,0,0,0,0,5,5,9.0
241,6,8,5,16,0,0,0,0,0,0,0,1,5,1,
242,6,8,5,16,0,0,0,0,0,0,0,1,5,1,
243,10,8,5,16,0,0,0,1,0,0,0,0,5,15,7.0
244,10,8,5,16,0,0,0,1,0,0,0,0,5,4,13.0
245,10,8,5,16,0,0,0,1,0,0,0,0,5,1,21.0
246,10,8,5,16,0,0,0,1,0,0,0,0,5,1,11.0
247,10,8,5,16,0,0,0,1,0,0,0,0,5,1,7.0
248,6,8,5,16,0,0,0,0,0,0,0,1,5,1,
249,10,8,5,16,0,0,0,1,0,0,0,0,5,15,9.0
250,10,8,5,16,0,0,0,1,0,0,0,0,5,0,7.0
251,10,8,5,16,0,0,0,1,0,0,0,0,5,13,13.0
252,10,8,5,16,0,0,0,1,0,0,0,0,5,13,9.0
253,10,8,5,16,0,0,0,1,0,0,0,0,5,13,7.0
254,10,8,5,16,0,0,0,1,0,0,0,0,5,1,21.0
255,10,8,5,16,0,0,0,1,0,0,0,0,5,1,11.0
256,10,8,5,16,0,0,0,1,0,0,0,0,5,5,21.0
257,10,8,5,16,0,0,0,1,0,0,0,0,5,4,21.0
258,6,8,5,16,0,0,0,0,0,0,0,1,5,1,
259,6,8,5,16,0,0,0,0,0,0,0,1,5,1,
260,9,4,1,32,0,0,0,0,0,1,0,0,7,15,11.0
261,5,2,1,29,0,1,0,0,0,0,0,0,7,13,7.0
262,2,10,1,66,0,0,0,1,0,0,0,0,7,1,7.0
263,2,10,1,66,0,0,0,1,0,0,0,0,7,15,21.0
264,9,4,1,32,0,0,0,0,0,1,0,0,7,1,7.0
265,7,2,1,66,0,0,0,0,1,0,0,0,7,5,8.0
266,2,10,1,66,0,0,0,1,0,0,0,0,7,13,21.0
267,2,1,1,60,0,0,0,0,0,1,0,0,7,1,3.0
268,2,1,1,60,0,0,0,0,0,1,0,0,7,1,7.0
269,6,2,1,26,0,0,1,0,0,0,0,0,7,1,21.0
270,6,1,2,64,0,0,0,0,0,1,0,0,7,1,3.0
271,5,7,2,42,0,0,0,0,0,0,0,1,7,1,
272,6,1,2,64,0,0,0,0,0,1,0,0,7,19,21.0
273,6,1,2,64,0,0,0,0,0,1,0,0,7,19,9.0
274,6,1,2,64,0,0,0,0,0,1,0,0,7,19,7.0
275,6,1,2,64,0,0,0,0,0,1,0,0,7,19,11.0
276,5,7,2,42,0,0,0,0,0,0,0,1,7,13,
277,5,7,2,42,0,0,0,0,0,0,0,1,7,19,
278,5,7,2,42,0,0,0,0,0,0,0,1,7,1,
279,6,1,2,64,0,0,0,0,0,1,0,0,7,15,9.0
280,10,2,3,54,0,0,1,0,0,0,0,0,7,1,3.0
281,10,2,3,54,0,0,1,0,0,0,0,0,7,1,7.0
282,10,2,3,54,0,0,1,0,0,0,0,0,7,15,9.0
283,10,2,3,54,0,0,1,0,0,0,0,0,7,5,9.0
284,10,2,3,54,0,0,1,0,0,0,0,0,7,15,21.0
285,10,2,3,54,0,0,1,0,0,0,0,0,7,5,11.0
286,10,2,3,54,0,0,1,0,0,0,0,0,7,5,21.0
287,10,2,3,54,0,0,1,0,0,0,0,0,7,15,11.0
288,10,2,3,54,0,0,1,0,0,0,0,0,7,15,13.0
289,10,2,3,54,0,0,1,0,0,0,0,0,7,15,7.0
290,6,2,4,61,1,0,0,0,0,0,0,0,7,15,9.0
291,6,2,4,35,0,0,0,0,0,1,0,0,7,1,11.0
292,11,2,4,56,0,0,0,0,0,0,0,1,7,19,
293,5,2,4,43,0,0,0,0,0,0,0,1,7,5,
294,10,8,4,61,0,0,0,0,0,0,0,1,7,13,
295,6,2,4,61,1,0,0,0,0,0,0,0,7,4,9.0
296,7,2,4,34,0,0,0,0,0,1,0,0,7,19,19.0
297,6,2,4,28,0,0,0,0,0,0,0,1,7,13,
298,7,2,4,34,0,0,0,0,0,1,0,0,7,15,21.0
299,11,2,4,43,0,0,0,0,1,0,0,0,7,19,9.0
300,6,8,5,16,0,0,0,0,0,0,0,1,7,0,
301,10,8,5,16,0,0,0,1,0,0,0,0,7,5,21.0
302,10,8,5,16,0,0,0,1,0,0,0,0,7,5,21.0
303,10,8,5,16,0,0,0,1,0,0,0,0,7,15,6.0
304,6,8,5,16,0,0,0,0,0,0,0,1,7,1,
305,6,8,5,16,0,0,0,0,0,0,0,1,7,15,
306,6,8,5,16,0,0,0,0,0,0,0,1,7,13,
307,6,8,5,16,0,0,0,0,0,0,0,1,7,5,
308,10,8,5,16,0,0,0,1,0,0,0,0,7,5,21.0
309,6,8,5,16,0,0,0,0,0,0,0,1,7,15,
310,9,4,1,32,0,0,0,0,0,1,0,0,13,15,3.0
311,2,10,1,66,0,0,0,1,0,0,0,0,13,19,7.0
312,2,10,1,66,0,0,0,1,0,0,0,0,13,1,19.0
313,9,4,1,32,0,0,0,0,0,1,0,0,13,13,9.0
314,7,2,1,66,0,0,0,0,1,0,0,0,13,1,7.0
315,5,2,1,29,0,1,0,0,0,0,0,0,13,1,9.0
316,5,2,1,29,0,1,0,0,0,0,0,0,13,5,21.0
317,9,4,1,32,0,0,0,0,0,1,0,0,13,1,9.0
318,5,2,1,29,0,1,0,0,0,0,0,0,13,19,7.0
319,9,4,1,32,0,0,0,0,0,1,0,0,13,13,21.0
320,6,1,2,64,0,0,0,0,0,1,0,0,13,15,11.0
321,6,1,2,64,0,0,0,0,0,1,0,0,13,1,7.0
322,5,7,2,42,0,0,0,0,0,0,0,1,13,1,
323,6,1,2,64,0,0,0,0,0,1,0,0,13,5,21.0
324,10,2,2,54,0,0,1,0,0,0,0,0,13,1,11.0
325,10,2,2,54,0,0,1,0,0,0,0,0,13,15,7.0
326,6,1,2,64,0,0,0,0,0,1,0,0,13,1,11.0
327,5,7,2,42,0,0,0,0,0,0,0,1,13,1,
328,10,2,2,54,0,0,1,0,0,0,0,0,13,15,11.0
329,6,1,2,64,0,0,0,0,0,1,0,0,13,19,9.0
330,10,2,3,54,0,0,1,0,0,0,0,0,13,1,11.0
331,10,2,3,54,0,0,1,0,0,0,0,0,13,13,22.0
332,10,2,3,54,0,0,1,0,0,0,0,0,13,1,11.0
333,10,2,3,54,0,0,1,0,0,0,0,0,13,1,7.0
334,10,2,3,54,0,0,1,0,0,0,0,0,13,1,7.0
335,10,2,3,54,0,0,1,0,0,0,0,0,13,15,9.0
336,10,2,3,54,0,0,1,0,0,0,0,0,13,5,9.0
337,10,2,3,54,0,0,1,0,0,0,0,0,13,1,7.0
338,10,2,3,54,0,0,1,0,0,0,0,0,13,5,12.0
339,10,2,3,54,0,0,1,0,0,0,0,0,13,1,11.0
340,11,2,4,25,0,0,0,0,0,0,0,1,13,5,
341,10,8,4,59,0,0,0,0,0,0,0,1,13,13,
342,6,8,4,49,0,0,0,1,0,0,0,0,13,1,21.0
343,6,8,4,49,0,0,0,0,0,0,0,1,13,1,
344,11,2,4,45,0,0,1,0,0,0,0,0,13,15,11.0
345,6,1,4,29,0,0,0,0,0,0,0,1,13,1,
346,3,1,4,29,0,0,0,1,0,0,0,0,13,15,3.0
347,11,4,4,33,0,0,0,1,0,0,0,0,13,1,21.0
348,11,2,4,43,0,0,0,0,1,0,0,0,13,15,9.0
349,11,2,4,60,0,0,0,0,0,0,0,1,13,15,
350,10,8,5,16,0,0,0,1,0,0,0,0,13,5,7.0
351,6,8,5,16,0,0,0,0,0,0,0,1,13,19,
352,10,8,5,16,0,0,0,1,0,0,0,0,13,5,7.0
353,6,8,5,16,0,0,0,0,0,0,0,1,13,1,
354,10,8,5,16,0,0,0,1,0,0,0,0,13,19,19.0
355,6,8,5,16,0,0,0,0,0,0,0,1,13,5,
356,6,8,5,16,0,0,0,0,0,0,0,1,13,5,
357,6,8,5,16,0,0,0,0,0,0,0,1,13,15,
358,6,8,5,16,0,0,0,0,0,0,0,1,13,19,
359,6,8,5,16,0,0,0,0,0,0,0,1,13,15,
360,2,10,1,66,0,0,0,1,0,0,0,0,16,1,7.0
361,9,4,1,32,0,0,0,0,0,1,0,0,16,15,3.0
362,5,2,1,29,0,1,0,0,0,0,0,0,16,19,3.0
363,5,2,1,29,0,1,0,0,0,0,0,0,16,1,3.0
364,9,4,1,32,0,0,0,0,0,1,0,0,16,1,21.0
365,7,2,1,66,0,0,0,0,1,0,0,0,16,13,21.0
366,7,2,1,66,0,0,0,0,1,0,0,0,16,1,21.0
367,2,10,1,66,0,0,0,1,0,0,0,0,16,1,19.0
368,7,2,1,66,0,0,0,0,1,0,0,0,16,5,21.0
369,2,10,1,66,0,0,0,1,0,0,0,0,16,5,7.0
370,5,2,1,29,0,1,0,0,0,0,0,0,16,5,11.0
371,9,4,1,32,0,0,0,0,0,1,0,0,16,5,13.0
372,5,2,1,29,0,1,0,0,0,0,0,0,16,15,21.0
373,9,4,1,32,0,0,0,0,0,1,0,0,16,1,11.0
374,5,2,1,29,0,1,0,0,0,0,0,0,16,15,11.0
375,2,10,1,66,0,0,0,1,0,0,0,0,16,1,3.0
376,6,2,1,26,0,0,1,0,0,0,0,0,16,15,22.0
377,7,2,1,66,0,0,0,0,1,0,0,0,16,15,13.0
378,6,2,1,26,0,0,1,0,0,0,0,0,16,15,11.0
379,6,2,1,26,0,0,1,0,0,0,0,0,16,13,21.0
380,5,2,1,29,0,1,0,0,0,0,0,0,16,5,13.0
381,5,2,1,29,0,1,0,0,0,0,0,0,16,5,9.0
382,2,10,1,66,0,0,0,1,0,0,0,0,16,1,11.0
383,2,10,1,66,0,0,0,1,0,0,0,0,16,5,19.0
384,2,10,1,66,0,0,0,1,0,0,0,0,16,1,21.0
385,2,1,1,60,0,0,0,0,0,1,0,0,16,15,11.0
386,2,1,1,60,0,0,0,0,0,1,0,0,16,1,21.0
387,5,2,1,29,0,1,0,0,0,0,0,0,16,15,7.0
388,9,4,1,32,0,0,0,0,0,1,0,0,16,15,21.0
389,5,2,1,29,0,1,0,0,0,0,0,0,16,5,21.0
390,2,1,1,60,0,0,0,0,0,1,0,0,16,15,9.0
391,9,4,1,32,0,0,0,0,0,1,0,0,16,0,13.0
392,5,2,1,29,0,1,0,0,0,0,0,0,16,5,13.0
393,5,2,1,29,0,1,0,0,0,0,0,0,16,15,20.0
394,2,10,1,66,0,0,0,1,0,0,0,0,16,19,19.0
395,5,2,1,29,0,1,0,0,0,0,0,0,16,15,22.0
396,5,2,1,29,0,1,0,0,0,0,0,0,16,1,21.0
397,2,1,1,60,0,0,0,0,0,1,0,0,16,1,13.0
398,2,10,1,66,0,0,0,1,0,0,0,0,16,15,9.0
399,6,2,1,26,0,0,1,0,0,0,0,0,16,19,21.0
400,5,7,2,42,0,0,0,0,0,0,0,1,16,19,
401,10,2,2,54,0,0,1,0,0,0,0,0,16,15,21.0
402,10,2,2,54,0,0,1,0,0,0,0,0,16,15,13.0
403,5,7,2,42,0,0,0,0,0,0,0,1,16,1,
404,6,1,2,64,0,0,0,0,0,1,0,0,16,1,13.0
405,6,1,2,64,0,0,0,0,0,1,0,0,16,14,9.0
406,10,2,2,54,0,0,1,0,0,0,0,0,16,1,21.0
407,10,2,2,54,0,0,1,0,0,0,0,0,16,1,11.0
408,10,2,2,54,0,0,1,0,0,0,0,0,16,1,9.0
409,5,7,2,42,0,0,0,0,0,0,0,1,16,1,
410,10,2,2,54,0,0,1,0,0,0,0,0,16,15,11.0
411,5,7,2,42,0,0,0,0,0,0,0,1,16,15,
412,5,7,2,42,0,0,0,0,0,0,0,1,16,13,
413,10,2,2,54,0,0,1,0,0,0,0,0,16,1,19.0
414,5,7,2,42,0,0,0,0,0,0,0,1,16,1,
415,10,2,2,54,0,0,1,0,0,0,0,0,16,1,21.0
416,5,7,2,42,0,0,0,0,0,0,0,1,16,19,
417,6,1,2,64,0,0,0,0,0,1,0,0,16,13,21.0
418,5,7,2,42,0,0,0,0,0,0,0,1,16,1,
419,6,1,2,64,0,0,0,0,0,1,0,0,16,15,3.0
420,6,1,2,64,0,0,0,0,0,1,0,0,16,15,21.0
421,5,7,2,42,0,0,0,0,0,0,0,1,16,5,
422,5,7,2,42,0,0,0,0,0,0,0,1,16,1,
423,6,1,2,64,0,0,0,0,0,1,0,0,16,19,7.0
424,6,1,2,64,0,0,0,0,0,1,0,0,16,19,13.0
425,5,7,2,42,0,0,0,0,0,0,0,1,16,5,
426,5,7,2,42,0,0,0,0,0,0,0,1,16,5,
427,10,2,2,54,0,0,1,0,0,0,0,0,16,15,22.0
428,10,2,2,54,0,0,1,0,0,0,0,0,16,1,11.0
429,10,2,2,54,0,0,1,0,0,0,0,0,16,13,7.0
430,6,1,2,64,0,0,0,0,0,1,0,0,16,5,7.0
431,6,1,2,64,0,0,0,0,0,1,0,0,16,13,7.0
432,6,1,2,64,0,0,0,0,0,1,0,0,16,13,13.0
433,5,7,2,42,0,0,0,0,0,0,0,1,16,1,
434,6,1,2,64,0,0,0,0,0,1,0,0,16,5,9.0
435,5,7,2,42,0,0,0,0,0,0,0,1,16,5,
436,6,1,2,64,0,0,0,0,0,1,0,0,16,1,21.0
437,5,7,2,42,0,0,0,0,0,0,0,1,16,19,
438,6,1,2,64,0,0,0,0,0,1,0,0,16,15,11.0
439,5,7,2,42,0,0,0,0,0,0,0,1,16,15,
440,10,2,3,54,0,0,1,0,0,0,0,0,16,5,9.0
441,10,2,3,54,0,0,1,0,0,0,0,0,16,1,9.0
442,10,2,3,54,0,0,1,0,0,0,0,0,16,5,21.0
443,10,2,3,54,0,0,1,0,0,0,0,0,16,1,21.0
444,10,2,3,54,0,0,1,0,0,0,0,0,16,15,23.0
445,10,2,3,54,0,0,1,0,0,0,0,0,16,15,11.0
446,10,2,3,54,0,0,1,0,0,0,0,0,16,1,13.0
447,10,2,3,54,0,0,1,0,0,0,0,0,16,13,9.0
448,10,2,3,54,0,0,1,0,0,0,0,0,16,1,9.0
449,10,2,3,54,0,0,1,0,0,0,0,0,16,1,9.0
450,10,2,3,54,0,0,1,0,0,0,0,0,16,13,19.0
451,10,2,3,54,0,0,1,0,0,0,0,0,16,5,11.0
452,10,2,3,54,0,0,1,0,0,0,0,0,16,1,13.0
453,10,2,3,54,0,0,1,0,0,0,0,0,16,15,12.0
454,10,2,3,54,0,0,1,0,0,0,0,0,16,1,13.0
455,10,2,3,54,0,0,1,0,0,0,0,0,16,19,9.0
456,10,2,3,54,0,0,1,0,0,0,0,0,16,15,13.0
457,10,2,3,54,0,0,1,0,0,0,0,0,16,15,13.0
458,10,2,3,54,0,0,1,0,0,0,0,0,16,15,19.0
459,10,2,3,54,0,0,1,0,0,0,0,0,16,5,21.0
460,10,2,3,54,0,0,1,0,0,0,0,0,16,1,9.0
461,10,2,3,54,0,0,1,0,0,0,0,0,16,15,3.0
462,10,2,3,54,0,0,1,0,0,0,0,0,16,1,7.0
463,10,2,3,54,0,0,1,0,0,0,0,0,16,15,6.0
464,10,2,3,54,0,0,1,0,0,0,0,0,16,15,22.0
465,10,2,3,54,0,0,1,0,0,0,0,0,16,15,11.0
466,10,2,3,54,0,0,1,0,0,0,0,0,16,15,11.0
467,10,2,3,54,0,0,1,0,0,0,0,0,16,1,11.0
468,10,2,3,54,0,0,1,0,0,0,0,0,16,1,11.0
469,10,2,3,54,0,0,1,0,0,0,0,0,16,15,3.0
470,10,2,3,54,0,0,1,0,0,0,0,0,16,15,21.0
471,10,2,3,54,0,0,1,0,0,0,0,0,16,14,21.0
472,10,2,3,54,0,0,1,0,0,0,0,0,16,1,13.0
473,10,2,3,54,0,0,1,0,0,0,0,0,16,15,9.0
474,10,2,3,54,0,0,1,0,0,0,0,0,16,5,9.0
475,10,2,3,54,0,0,1,0,0,0,0,0,16,5,13.0
476,10,2,3,54,0,0,1,0,0,0,0,0,16,14,21.0
477,10,2,3,54,0,0,1,0,0,0,0,0,16,15,21.0
478,10,2,3,54,0,0,1,0,0,0,0,0,16,19,11.0
479,10,2,3,54,0,0,1,0,0,0,0,0,16,5,21.0
480,8,4,4,36,0,1,0,0,0,0,0,0,16,5,21.0
481,10,2,4,27,0,0,0,1,0,0,0,0,16,15,10.0
482,9,2,4,33,0,1,0,0,0,0,0,0,16,5,21.0
483,10,8,4,61,0,0,0,0,0,0,0,1,16,15,
484,8,1,4,36,0,1,0,0,0,0,0,0,16,1,9.0
485,11,2,4,63,0,0,0,0,0,0,0,1,16,1,
486,6,2,4,61,1,0,0,0,0,0,0,0,16,19,11.0
487,10,2,4,32,0,0,0,0,0,1,0,0,16,15,19.0
488,8,1,4,48,0,0,0,1,0,0,0,0,16,1,11.0
489,10,2,4,31,0,0,0,0,0,0,0,1,16,1,
490,7,2,4,34,0,0,0,0,0,1,0,0,16,19,7.0
491,6,1,4,40,0,0,0,0,1,0,0,0,16,1,11.0
492,10,2,4,30,0,0,0,0,0,0,0,1,16,15,
493,8,1,4,48,0,0,0,1,0,0,0,0,16,15,7.0
494,8,6,4,50,0,0,0,0,0,0,0,1,16,1,
495,11,4,4,43,0,0,0,0,0,0,1,0,16,0,
496,7,1,4,40,0,1,0,0,0,0,0,0,16,1,11.0
497,9,2,4,34,0,0,0,0,0,1,0,0,16,1,9.0
498,11,4,4,32,0,0,0,0,0,1,0,0,16,13,7.0
499,1,1,4,28,0,0,0,0,0,0,1,0,16,5,
500,8,6,4,18,0,0,0,1,0,0,0,0,16,15,13.0
501,5,2,4,24,0,0,0,0,0,1,0,0,16,15,11.0
502,8,4,4,41,0,0,1,0,0,0,0,0,16,19,9.0
503,1,1,4,28,0,0,0,0,0,0,1,0,16,15,
504,11,2,4,62,0,0,0,1,0,0,0,0,16,15,13.0
505,8,1,4,48,0,0,0,1,0,0,0,0,16,1,13.0
506,8,1,4,48,0,0,0,1,0,0,0,0,16,1,19.0
507,9,2,4,34,0,0,0,0,0,1,0,0,16,13,7.0
508,7,1,4,40,0,1,0,0,0,0,0,0,16,13,11.0
509,10,8,4,59,0,0,0,0,0,0,0,1,16,15,
510,7,1,4,26,0,0,0,1,0,0,0,0,16,15,9.0
511,11,1,4,59,0,0,0,0,0,0,1,0,16,1,
512,5,1,4,58,0,0,0,0,0,0,1,0,16,0,
513,11,2,4,62,0,0,0,1,0,0,0,0,16,19,21.0
514,11,10,4,68,0,0,0,0,1,0,0,0,16,1,21.0
515,11,1,4,59,0,0,0,0,0,0,1,0,16,19,
516,6,2,4,61,1,0,0,0,0,0,0,0,16,13,9.0
517,9,1,4,28,0,0,0,0,0,0,0,1,16,5,
518,11,2,4,45,0,0,1,0,0,0,0,0,16,15,21.0
519,6,2,4,61,1,0,0,0,0,0,0,0,16,1,9.0
520,6,8,5,16,0,0,0,0,0,0,0,1,16,1,
521,10,8,5,16,0,0,0,1,0,0,0,0,16,15,21.0
522,10,8,5,16,0,0,0,1,0,0,0,0,16,5,11.0
523,10,8,5,16,0,0,0,1,0,0,0,0,16,19,11.0
524,10,8,5,16,0,0,0,1,0,0,0,0,16,19,9.0
525,6,8,5,16,0,0,0,0,0,0,0,1,16,1,
526,10,8,5,16,0,0,0,1,0,0,0,0,16,15,11.0
527,6,8,5,16,0,0,0,0,0,0,0,1,16,15,
528,6,8,5,16,0,0,0,0,0,0,0,1,16,5,
529,6,8,5,16,0,0,0,0,0,0,0,1,16,15,
530,10,8,5,16,0,0,0,1,0,0,0,0,16,5,6.0
531,6,8,5,16,0,0,0,0,0,0,0,1,16,15,
532,10,8,5,16,0,0,0,1,0,0,0,0,16,5,21.0
533,6,8,5,16,0,0,0,0,0,0,0,1,16,19,
534,10,8,5,16,0,0,0,1,0,0,0,0,16,1,9.0
535,6,8,5,16,0,0,0,0,0,0,0,1,16,1,
536,6,8,5,16,0,0,0,0,0,0,0,1,16,15,
537,6,8,5,16,0,0,0,0,0,0,0,1,16,13,
538,10,8,5,16,0,0,0,1,0,0,0,0,16,1,7.0
539,6,8,5,16,0,0,0,0,0,0,0,1,16,5,
540,10,8,5,16,0,0,0,1,0,0,0,0,16,15,7.0
541,6,8,5,16,0,0,0,0,0,0,0,1,16,19,
542,10,8,5,16,0,0,0,1,0,0,0,0,16,5,13.0
543,6,8,5,16,0,0,0,0,0,0,0,1,16,15,
544,6,8,5,16,0,0,0,0,0,0,0,1,16,19,
545,10,8,5,16,0,0,0,1,0,0,0,0,16,15,3.0
546,10,8,5,16,0,0,0,1,0,0,0,0,16,15,21.0
547,10,8,5,16,0,0,0,1,0,0,0,0,16,19,11.0
548,6,8,5,16,0,0,0,0,0,0,0,1,16,19,
549,6,8,5,16,0,0,0,0,0,0,0,1,16,1,
550,10,8,5,16,0,0,0,1,0,0,0,0,16,15,9.0
551,6,8,5,16,0,0,0,0,0,0,0,1,16,15,
552,10,8,5,16,0,0,0,1,0,0,0,0,16,1,9.0
553,6,8,5,16,0,0,0,0,0,0,0,1,16,15,
554,6,8,5,16,0,0,0,0,0,0,0,1,16,5,
555,10,8,5,16,0,0,0,1,0,0,0,0,16,1,21.0
556,6,8,5,16,0,0,0,0,0,0,0,1,16,15,
557,6,8,5,16,0,0,0,0,0,0,0,1,16,1,
558,10,8,5,16,0,0,0,1,0,0,0,0,16,1,7.0
559,10,8,5,16,0,0,0,1,0,0,0,0,16,5,3.0
560,2,1,1,60,0,0,0,0,0,1,0,0,17,5,11.0
561,2,1,1,60,0,0,0,0,0,1,0,0,17,15,21.0
562,9,4,1,32,0,0,0,0,0,1,0,0,17,14,9.0
563,9,4,1,32,0,0,0,0,0,1,0,0,17,15,21.0
564,5,2,1,29,0,1,0,0,0,0,0,0,17,15,11.0
565,2,10,1,66,0,0,0,1,0,0,0,0,17,15,9.0
566,5,2,1,29,0,1,0,0,0,0,0,0,17,1,13.0
567,6,2,1,26,0,0,1,0,0,0,0,0,17,13,21.0
568,9,4,1,32,0,0,0,0,0,1,0,0,17,5,9.0
569,6,2,1,26,0,0,1,0,0,0,0,0,17,19,11.0
570,7,2,1,66,0,0,0,0,1,0,0,0,17,5,10.0
571,2,10,1,66,0,0,0,1,0,0,0,0,17,5,7.0
572,9,4,1,32,0,0,0,0,0,1,0,0,17,5,7.0
573,7,2,1,66,0,0,0,0,1,0,0,0,17,15,7.0
574,7,2,1,66,0,0,0,0,1,0,0,0,17,1,11.0
575,7,2,1,66,0,0,0,0,1,0,0,0,17,15,9.0
576,5,2,1,29,0,1,0,0,0,0,0,0,17,1,11.0
577,6,2,1,26,0,0,1,0,0,0,0,0,17,1,21.0
578,7,2,1,66,0,0,0,0,1,0,0,0,17,15,9.0
579,7,2,1,66,0,0,0,0,1,0,0,0,17,1,11.0
580,5,2,1,29,0,1,0,0,0,0,0,0,17,19,3.0
581,2,10,1,66,0,0,0,1,0,0,0,0,17,14,9.0
582,2,10,1,66,0,0,0,1,0,0,0,0,17,15,19.0
583,7,2,1,66,0,0,0,0,1,0,0,0,17,5,7.0
584,2,1,1,60,0,0,0,0,0,1,0,0,17,5,11.0
585,9,4,1,32,0,0,0,0,0,1,0,0,17,15,21.0
586,2,10,1,66,0,0,0,1,0,0,0,0,17,5,11.0
587,2,10,1,66,0,0,0,1,0,0,0,0,17,13,3.0
588,2,1,1,60,0,0,0,0,0,1,0,0,17,15,9.0
589,6,2,1,26,0,0,1,0,0,0,0,0,17,5,11.0
590,2,10,1,66,0,0,0,1,0,0,0,0,17,1,11.0
591,9,4,1,32,0,0,0,0,0,1,0,0,17,19,9.0
592,9,4,1,32,0,0,0,0,0,1,0,0,17,13,7.0
593,2,1,1,60,0,0,0,0,0,1,0,0,17,15,9.0
594,2,1,1,60,0,0,0,0,0,1,0,0,17,15,19.0
595,2,1,1,60,0,0,0,0,0,1,0,0,17,1,13.0
596,2,1,1,60,0,0,0,0,0,1,0,0,17,15,13.0
597,2,1,1,60,0,0,0,0,0,1,0,0,17,19,21.0
598,6,2,1,26,0,0,1,0,0,0,0,0,17,5,21.0
599,5,2,1,29,0,1,0,0,0,0,0,0,17,1,11.0
600,5,7,2,42,0,0,0,0,0,0,0,1,17,19,
601,5,7,2,42,0,0,0,0,0,0,0,1,17,1,
602,6,1,2,64,0,0,0,0,0,1,0,0,17,19,21.0
603,10,2,2,54,0,0,1,0,0,0,0,0,17,5,19.0
604,10,2,2,54,0,0,1,0,0,0,0,0,17,1,13.0
605,5,7,2,42,0,0,0,0,0,0,0,1,17,15,
606,5,7,2,42,0,0,0,0,0,0,0,1,17,5,
607,10,2,2,54,0,0,1,0,0,0,0,0,17,19,13.0
608,6,1,2,64,0,0,0,0,0,1,0,0,17,19,11.0
609,5,7,2,42,0,0,0,0,0,0,0,1,17,15,
610,10,2,2,54,0,0,1,0,0,0,0,0,17,5,19.0
611,10,2,2,54,0,0,1,0,0,0,0,0,17,5,7.0
612,10,2,2,54,0,0,1,0,0,0,0,0,17,1,3.0
613,6,1,2,64,0,0,0,0,0,1,0,0,17,5,7.0
614,10,2,2,54,0,0,1,0,0,0,0,0,17,5,9.0
615,10,2,2,54,0,0,1,0,0,0,0,0,17,15,21.0
616,6,1,2,64,0,0,0,0,0,1,0,0,17,19,7.0
617,6,1,2,64,0,0,0,0,0,1,0,0,17,15,9.0
618,5,7,2,42,0,0,0,0,0,0,0,1,17,15,
619,5,7,2,42,0,0,0,0,0,0,0,1,17,5,
620,10,2,2,54,0,0,1,0,0,0,0,0,17,1,11.0
621,10,2,2,54,0,0,1,0,0,0,0,0,17,15,21.0
622,5,7,2,42,0,0,0,0,0,0,0,1,17,0,
623,6,1,2,64,0,0,0,0,0,1,0,0,17,15,21.0
624,6,1,2,64,0,0,0,0,0,1,0,0,17,15,11.0
625,5,7,2,42,0,0,0,0,0,0,0,1,17,1,
626,5,7,2,42,0,0,0,0,0,0,0,1,17,15,
627,6,1,2,64,0,0,0,0,0,1,0,0,17,14,13.0
628,6,1,2,64,0,0,0,0,0,1,0,0,17,1,21.0
629,10,2,2,54,0,0,1,0,0,0,0,0,17,13,13.0
630,6,1,2,64,0,0,0,0,0,1,0,0,17,1,21.0
631,5,7,2,42,0,0,0,0,0,0,0,1,17,13,
632,5,7,2,42,0,0,0,0,0,0,0,1,17,13,
633,5,7,2,42,0,0,0,0,0,0,0,1,17,1,
634,6,1,2,64,0,0,0,0,0,1,0,0,17,1,21.0
635,6,1,2,64,0,0,0,0,0,1,0,0,17,5,7.0
636,10,2,2,54,0,0,1,0,0,0,0,0,17,18,21.0
637,5,7,2,42,0,0,0,0,0,0,0,1,17,15,
638,10,2,2,54,0,0,1,0,0,0,0,0,17,1,13.0
639,5,7,2,42,0,0,0,0,0,0,0,1,17,5,
640,10,2,3,54,0,0,1,0,0,0,0,0,17,13,9.0
641,10,2,3,54,0,0,1,0,0,0,0,0,17,14,21.0
642,10,2,3,54,0,0,1,0,0,0,0,0,17,19,9.0
643,10,2,3,54,0,0,1,0,0,0,0,0,17,1,21.0
644,10,2,3,54,0,0,1,0,0,0,0,0,17,19,19.0
645,10,2,3,54,0,0,1,0,0,0,0,0,17,13,11.0
646,10,2,3,54,0,0,1,0,0,0,0,0,17,1,7.0
647,10,2,3,54,0,0,1,0,0,0,0,0,17,1,8.0
648,10,2,3,54,0,0,1,0,0,0,0,0,17,15,7.0
649,10,2,3,54,0,0,1,0,0,0,0,0,17,1,21.0
650,10,2,3,54,0,0,1,0,0,0,0,0,17,1,7.0
651,10,2,3,54,0,0,1,0,0,0,0,0,17,15,11.0
652,10,2,3,54,0,0,1,0,0,0,0,0,17,15,9.0
653,10,2,3,54,0,0,1,0,0,0,0,0,17,1,11.0
654,10,2,3,54,0,0,1,0,0,0,0,0,17,5,20.0
655,10,2,3,54,0,0,1,0,0,0,0,0,17,15,9.0
656,10,2,3,54,0,0,1,0,0,0,0,0,17,19,19.0
657,10,2,3,54,0,0,1,0,0,0,0,0,17,15,9.0
658,10,2,3,54,0,0,1,0,0,0,0,0,17,19,9.0
659,10,2,3,54,0,0,1,0,0,0,0,0,17,1,9.0
660,10,2,3,54,0,0,1,0,0,0,0,0,17,1,9.0
661,10,2,3,54,0,0,1,0,0,0,0,0,17,19,11.0
662,10,2,3,54,0,0,1,0,0,0,0,0,17,1,9.0
663,10,2,3,54,0,0,1,0,0,0,0,0,17,5,11.0
664,10,2,3,54,0,0,1,0,0,0,0,0,17,15,7.0
665,10,2,3,54,0,0,1,0,0,0,0,0,17,19,21.0
666,10,2,3,54,0,0,1,0,0,0,0,0,17,5,11.0
667,10,2,3,54,0,0,1,0,0,0,0,0,17,19,7.0
668,10,2,3,54,0,0,1,0,0,0,0,0,17,15,11.0
669,10,2,3,54,0,0,1,0,0,0,0,0,17,15,9.0
670,10,2,3,54,0,0,1,0,0,0,0,0,17,1,9.0
671,10,2,3,54,0,0,1,0,0,0,0,0,17,1,11.0
672,10,2,3,54,0,0,1,0,0,0,0,0,17,15,3.0
673,10,2,3,54,0,0,1,0,0,0,0,0,17,5,21.0
674,10,2,3,54,0,0,1,0,0,0,0,0,17,15,7.0
675,10,2,3,54,0,0,1,0,0,0,0,0,17,15,11.0
676,10,2,3,54,0,0,1,0,0,0,0,0,17,15,11.0
677,10,2,3,54,0,0,1,0,0,0,0,0,17,15,6.0
678,10,2,3,54,0,0,1,0,0,0,0,0,17,1,13.0
679,10,2,3,54,0,0,1,0,0,0,0,0,17,1,21.0
680,9,1,4,28,0,0,0,0,0,0,0,1,17,1,
681,11,2,4,32,0,0,0,0,0,0,0,1,17,5,
682,7,2,4,31,0,0,0,0,0,1,0,0,17,15,9.0
683,7,2,4,67,1,0,0,0,0,0,0,0,17,15,21.0
684,11,2,4,32,0,0,0,0,0,0,0,1,17,1,
685,5,2,4,43,0,0,0,0,0,0,0,1,17,5,
686,6,1,4,40,0,0,0,0,1,0,0,0,17,15,13.0
687,6,8,4,49,0,0,0,0,0,0,0,1,17,13,
688,11,2,4,33,0,0,0,0,0,0,0,1,17,1,
689,8,1,4,29,0,0,0,0,1,0,0,0,17,1,9.0
690,5,2,4,24,0,0,0,0,0,1,0,0,17,1,11.0
691,11,2,4,25,0,0,0,0,0,0,0,1,17,5,
692,6,2,4,35,0,0,0,0,0,1,0,0,17,19,20.0
693,8,1,4,29,0,0,0,0,1,0,0,0,17,19,13.0
694,11,2,4,45,0,0,1,0,0,0,0,0,17,19,11.0
695,5,1,4,58,0,0,0,0,0,0,1,0,17,15,
696,7,2,4,34,0,0,0,0,0,1,0,0,17,1,11.0
697,6,2,4,30,0,0,1,0,0,0,0,0,17,14,21.0
698,11,2,4,33,0,0,0,0,0,0,0,1,17,1,
699,11,10,4,73,0,0,0,0,0,1,0,0,17,15,9.0
700,9,2,4,34,0,0,0,0,0,1,0,0,17,1,12.0
701,4,1,4,42,0,0,1,0,0,0,0,0,17,5,7.0
702,4,1,4,42,0,0,1,0,0,0,0,0,17,1,11.0
703,11,2,4,33,0,0,0,0,0,0,0,1,17,13,
704,8,1,4,29,0,0,0,0,1,0,0,0,17,0,3.0
705,8,4,4,41,0,0,1,0,0,0,0,0,17,15,11.0
706,4,1,4,42,0,0,1,0,0,0,0,0,17,13,7.0
707,11,2,4,25,0,0,0,0,0,0,0,1,17,15,
708,8,2,4,23,0,1,0,0,0,0,0,0,17,1,9.0
709,9,1,4,28,0,0,0,0,0,0,0,1,17,1,
710,11,2,4,62,0,0,0,1,0,0,0,0,17,1,7.0
711,8,4,4,36,0,1,0,0,0,0,0,0,17,5,21.0
712,6,1,4,31,0,0,0,0,0,1,0,0,17,15,13.0
713,8,2,4,23,0,1,0,0,0,0,0,0,17,1,21.0
714,6,2,4,61,1,0,0,0,0,0,0,0,17,5,21.0
715,11,2,4,62,0,0,0,1,0,0,0,0,17,1,21.0
716,9,1,4,28,0,0,0,0,0,0,0,1,17,13,
717,5,2,4,43,0,0,0,0,0,0,0,1,17,19,
718,4,2,4,34,0,0,1,0,0,0,0,0,17,15,11.0
719,5,2,4,24,0,0,0,0,0,1,0,0,17,1,19.0
720,6,8,5,16,0,0,0,0,0,0,0,1,17,19,
721,6,8,5,16,0,0,0,0,0,0,0,1,17,1,
722,6,8,5,16,0,0,0,0,0,0,0,1,17,5,
723,10,8,5,16,0,0,0,1,0,0,0,0,17,1,11.0
724,6,8,5,16,0,0,0,0,0,0,0,1,17,19,
725,6,8,5,16,0,0,0,0,0,0,0,1,17,14,
726,6,8,5,16,0,0,0,0,0,0,0,1,17,1,
727,10,8,5,16,0,0,0,1,0,0,0,0,17,19,7.0
728,10,8,5,16,0,0,0,1,0,0,0,0,17,19,19.0
729,6,8,5,16,0,0,0,0,0,0,0,1,17,15,
730,10,8,5,16,0,0,0,1,0,0,0,0,17,15,7.0
731,10,8,5,16,0,0,0,1,0,0,0,0,17,5,13.0
732,10,8,5,16,0,0,0,1,0,0,0,0,17,15,21.0
733,10,8,5,16,0,0,0,1,0,0,0,0,17,15,20.0
734,6,8,5,16,0,0,0,0,0,0,0,1,17,1,
735,6,8,5,16,0,0,0,0,0,0,0,1,17,15,
736,6,8,5,16,0,0,0,0,0,0,0,1,17,1,
737,10,8,5,16,0,0,0,1,0,0,0,0,17,15,8.0
738,10,8,5,16,0,0,0,1,0,0,0,0,17,1,21.0
739,10,8,5,16,0,0,0,1,0,0,0,0,17,5,10.0
740,6,8,5,16,0,0,0,0,0,0,0,1,17,5,
741,10,8,5,16,0,0,0,1,0,0,0,0,17,19,7.0
742,10,8,5,16,0,0,0,1,0,0,0,0,17,4,21.0
743,6,8,5,16,0,0,0,0,0,0,0,1,17,5,
744,10,8,5,16,0,0,0,1,0,0,0,0,17,19,21.0
745,6,8,5,16,0,0,0,0,0,0,0,1,17,1,
746,10,8,5,16,0,0,0,1,0,0,0,0,17,5,9.0
747,6,8,5,16,0,0,0,0,0,0,0,1,17,1,
748,10,8,5,16,0,0,0,1,0,0,0,0,17,1,9.0
749,10,8,5,16,0,0,0,1,0,0,0,0,17,1,7.0
750,10,8,5,16,0,0,0,1,0,0,0,0,17,0,11.0
751,10,8,5,16,0,0,0,1,0,0,0,0,17,13,11.0
752,6,8,5,16,0,0,0,0,0,0,0,1,17,5,
753,10,8,5,16,0,0,0,1,0,0,0,0,17,13,11.0
754,6,8,5,16,0,0,0,0,0,0,0,1,17,19,
755,10,8,5,16,0,0,0,1,0,0,0,0,17,15,11.0
756,10,8,5,16,0,0,0,1,0,0,0,0,17,1,11.0
757,6,8,5,16,0,0,0,0,0,0,0,1,17,5,
758,10,8,5,16,0,0,0,1,0,0,0,0,17,14,7.0
759,10,8,5,16,0,0,0,1,0,0,0,0,17,15,3.0
760,2,10,1,66,0,0,0,1,0,0,0,0,19,1,21.0
761,2,1,1,60,0,0,0,0,0,1,0,0,19,15,9.0
762,5,2,1,29,0,1,0,0,0,0,0,0,19,15,23.0
763,2,10,1,66,0,0,0,1,0,0,0,0,19,19,19.0
764,2,10,1,66,0,0,0,1,0,0,0,0,19,19,21.0
765,6,2,1,26,0,0,1,0,0,0,0,0,19,1,11.0
766,7,2,1,66,0,0,0,0,1,0,0,0,19,19,11.0
767,6,2,1,26,0,0,1,0,0,0,0,0,19,5,11.0
768,9,4,1,32,0,0,0,0,0,1,0,0,19,15,9.0
769,5,2,1,29,0,1,0,0,0,0,0,0,19,15,11.0
770,6,1,2,64,0,0,0,0,0,1,0,0,19,1,13.0
771,5,7,2,42,0,0,0,0,0,0,0,1,19,15,
772,6,1,2,64,0,0,0,0,0,1,0,0,19,15,8.0
773,5,7,2,42,0,0,0,0,0,0,0,1,19,5,
774,6,1,2,64,0,0,0,0,0,1,0,0,19,19,13.0
775,10,2,2,54,0,0,1,0,0,0,0,0,19,1,3.0
776,5,7,2,42,0,0,0,0,0,0,0,1,19,5,
777,10,2,2,54,0,0,1,0,0,0,0,0,19,1,13.0
778,10,2,2,54,0,0,1,0,0,0,0,0,19,5,11.0
779,5,7,2,42,0,0,0,0,0,0,0,1,19,5,
780,10,2,3,54,0,0,1,0,0,0,0,0,19,15,11.0
781,10,2,3,54,0,0,1,0,0,0,0,0,19,14,21.0
782,10,2,3,54,0,0,1,0,0,0,0,0,19,19,9.0
783,10,2,3,54,0,0,1,0,0,0,0,0,19,5,11.0
784,10,2,3,54,0,0,1,0,0,0,0,0,19,15,9.0
785,10,2,3,54,0,0,1,0,0,0,0,0,19,1,13.0
786,10,2,3,54,0,0,1,0,0,0,0,0,19,19,9.0
787,10,2,3,54,0,0,1,0,0,0,0,0,19,13,9.0
788,10,2,3,54,0,0,1,0,0,0,0,0,19,1,20.0
789,10,2,3,54,0,0,1,0,0,0,0,0,19,19,13.0
790,11,4,4,35,0,1,0,0,0,0,0,0,19,15,11.0
791,10,2,4,32,0,0,0,0,0,1,0,0,19,5,11.0
792,6,8,4,49,0,0,0,1,0,0,0,0,19,19,23.0
793,8,4,4,36,0,1,0,0,0,0,0,0,19,18,11.0
794,11,2,4,62,0,0,0,1,0,0,0,0,19,1,11.0
795,4,1,4,42,0,0,1,0,0,0,0,0,19,19,11.0
796,10,8,4,59,0,0,0,0,0,0,0,1,19,5,
797,7,2,4,67,1,0,0,0,0,0,0,0,19,1,11.0
798,8,6,4,50,0,0,0,0,0,0,0,1,19,15,
799,11,2,4,45,0,0,1,0,0,0,0,0,19,1,9.0
800,10,8,5,16,0,0,0,1,0,0,0,0,19,1,11.0
801,6,8,5,16,0,0,0,0,0,0,0,1,19,1,
802,10,8,5,16,0,0,0,1,0,0,0,0,19,1,21.0
803,6,8,5,16,0,0,0,0,0,0,0,1,19,19,
804,6,8,5,16,0,0,0,0,0,0,0,1,19,19,
805,10,8,5,16,0,0,0,1,0,0,0,0,19,15,11.0
806,6,8,5,16,0,0,0,0,0,0,0,1,19,15,
807,6,8,5,16,0,0,0,0,0,0,0,1,19,15,
808,6,8,5,16,0,0,0,0,0,0,0,1,19,15,
809,10,8,5,16,0,0,0,1,0,0,0,0,19,1,19.0
